date posted,day streak,👑 Round,👑,1/6,2/6,3/6,4/6,5/6,6/6,X/6
2025-06-06,**Your group is on a 1 day streak!** 🔥 Here are yesterday's results:,1/6,@TheBestLoser,@TheBestLoser,--,@MajorDanger,@Lorax,@Asa @hereisrachel,--,@sinfulprey11 @eplex
2025-06-07,**Your group is on a 2 day streak!** 🔥 Here are yesterday's results:,3/6,@Asa,--,--,@Asa,@hereisrachel,@Jay,@MajorDanger,@Lorax @sinfulprey11
2025-06-08,**Your group is on a 3 day streak!** 🔥 Here are yesterday's results:,4/6,@hereisrachel,--,--,--,@hereisrachel,@sinfulprey11 @MajorDanger,--,@Asa @molligan82
2025-06-09,**Your group is on a 4 day streak!** 🔥 Here are yesterday's results:,3/6,@TheFastestClark,--,--,@TheFastestClark,@hereisrachel @sinfulprey11,@Lorax @molligan82,@joel @TheBestLoser,--
2025-06-10,**Your group is on a 5 day streak!** 🔥 Here are yesterday's results:,2/6,@sinfulprey11,--,@sinfulprey11,@Lorax @Jay @molligan82,@MajorDanger @Asa,@hereisrachel @joel @TheBestLoser,--,@CardinalJoker
2025-06-11,**Your group is on a 6 day streak!** 🔥 Here are yesterday's results:,3/6,@sinfulprey11,--,--,@sinfulprey11,@joel @The-Poll-Chancellor @CardinalJoker,@hereisrachel @MajorDanger @Lorax @molligan82,@TheBestLoser @Jay @Asa,@Heather @toastychu
2025-06-12,**Your group is on a 7 day streak!** 🔥 Here are yesterday's results:,3/6,@hereisrachel @sinfulprey11 @molligan82,--,--,@hereisrachel @sinfulprey11 @molligan82,@Jay @Asa @TheFastestClark @Lorax @TheBestLoser,@MajorDanger @CardinalJoker,--,--
2025-06-13,**Your group is on an 8 day streak!** 🔥 Here are yesterday's results:,3/6,@joel,--,--,@joel,@hereisrachel @Heather @CardinalJoker,@Jay @molligan82 @Lorax @sinfulprey11 @toastychu,@TheBestLoser @TheFastestClark @The-Poll-Chancellor @Asa,@MajorDanger
2025-06-14,**Your group is on a 9 day streak!** 🔥 Here are yesterday's results:,2/6,@CardinalJoker,--,@CardinalJoker,@Asa,@TheFastestClark @molligan82 @sinfulprey11,@hereisrachel @Heather @Jay @TheBestLoser,@Lorax @MajorDanger,@toastychu @joel
2025-06-15,**Your group is on a 10 day streak!** 🔥 Here are yesterday's results:,1/6,@TheBestLoser,@TheBestLoser,@CardinalJoker,@molligan82 @Lorax,@sinfulprey11 @hereisrachel @toastychu @Heather @TheFastestClark,@Jay,@MajorDanger,@Asa
2025-06-16,**Your group is on an 11 day streak!** 🔥 Here are yesterday's results:,2/6,@Lorax,--,@Lorax,@hereisrachel @molligan82,@Heather @CardinalJoker @jbonly @TheFastestClark @sinfulprey11,--,@joel,@Jay @MajorDanger @toastychu
2025-06-16,**Your group is on a 12 day streak!** 🔥 Here are yesterday's results:,3/6,@sinfulprey11 @hereisrachel,--,--,@sinfulprey11 @hereisrachel,@CardinalJoker @molligan82 @jbonly,@Jay @toastychu @Asa @joel,@MajorDanger,@TheBestLoser @Lorax
2025-06-17,**Your group is on a 13 day streak!** 🔥 Here are yesterday's results:,3/6,@hereisrachel @toastychu @molligan82,--,--,@hereisrachel @toastychu @molligan82,@Jay @MajorDanger @joel @TheFastestClark,@CardinalJoker @jbonly @Lorax @Asa,@sinfulprey11,@TheBestLoser
2025-06-18,**Your group is on a 14 day streak!** 🔥 Here are yesterday's results:,3/6,@TheFastestClark @Asa,--,--,@TheFastestClark @Asa,@Heather,@jbonly @joel @sinfulprey11 @Jay @Lorax @CardinalJoker @toastychu,@hereisrachel @MajorDanger,@TheBestLoser
2025-06-19,**Your group is on a 15 day streak!** 🔥 Here are yesterday's results:,3/6,@toastychu @joel @jbonly,--,--,@toastychu @joel @jbonly,@hereisrachel @sinfulprey11 @CardinalJoker @TheBestLoser @molligan82 @MajorDanger,@Jay @Heather @Asa,@Lorax,@TheFastestClark
2025-06-20,**Your group is on a 16 day streak!** 🔥 Here are yesterday's results:,3/6,@hereisrachel @joel @CardinalJoker @jbonly,--,--,@hereisrachel @joel @CardinalJoker @jbonly,@Heather @MajorDanger,@sinfulprey11 @toastychu,@TheFastestClark @molligan82 @Lorax,@Jay
2025-06-22,**Your group is on a 17 day streak!** 🔥 Here are yesterday's results:,3/6,@sinfulprey11,--,--,@sinfulprey11,@toastychu @CardinalJoker @joel,@MajorDanger @Jay @jbonly,@Lorax,@hereisrachel
2025-06-22,**Your group is on an 18 day streak!** 🔥 Here are yesterday's results:,3/6,@hereisrachel @Jay @sinfulprey11 @CardinalJoker,--,--,@hereisrachel @Jay @sinfulprey11 @CardinalJoker,@molligan82 @jbonly @TheFastestClark,@Heather @toastychu @MajorDanger @Lorax,--,@joel
2025-06-24,**Your group is on a 19 day streak!** 🔥 Here are yesterday's results:,1/6,@CardinalJoker,@CardinalJoker,--,@Heather @MajorDanger,@hereisrachel @Lorax @joel @TheFastestClark @jbonly @sinfulprey11,@Jay @molligan82,@toastychu,--
2025-06-25,**Your group is on a 20 day streak!** 🔥 Here are yesterday's results:,4/6,@Lorax @toastychu @Heather @molligan82 @jbonly,--,--,--,@Lorax @toastychu @Heather @molligan82 @jbonly,@sinfulprey11 @CardinalJoker,@joel,@hereisrachel @MajorDanger @TheFastestClark
2025-06-25,**Your group is on a 21 day streak!** 🔥 Here are yesterday's results:,4/6,@Heather @TheFastestClark @joel @molligan82,--,--,--,@Heather @TheFastestClark @joel @molligan82,@sinfulprey11 @hereisrachel @toastychu @jbonly,@Jay @MajorDanger @CardinalJoker,@Lorax
2025-06-26,**Your group is on a 22 day streak!** 🔥 Here are yesterday's results:,3/6,@jbonly @Lorax,--,--,@jbonly @Lorax,@molligan82 @hereisrachel @sinfulprey11,@joel @Jay @TheFastestClark @CardinalJoker,--,@TheBestLoser @Heather @MajorDanger @toastychu
2025-06-28,**Your group is on a 23 day streak!** 🔥 Here are yesterday's results:,2/6,@Lorax @hereisrachel @Jay @TheFastestClark,--,@Lorax @hereisrachel @Jay @TheFastestClark,@molligan82,@CardinalJoker @sinfulprey11 @Heather @toastychu,@TheBestLoser,--,--
2025-06-29,**Your group is on a 24 day streak!** 🔥 Here are yesterday's results:,2/6,@CardinalJoker,--,@CardinalJoker,@TheBestLoser @Lorax @hereisrachel @joel,@Heather @MajorDanger,@sinfulprey11 @molligan82 @toastychu,@jbonly,@Jay
2025-06-30,**Your group is on a 25 day streak!** 🔥 Here are yesterday's results:,3/6,@sinfulprey11,--,--,@sinfulprey11,@Jay,@Heather @molligan82 @joel @MajorDanger @CardinalJoker,@Lorax @jbonly,@TheFastestClark @hereisrachel @toastychu
2025-07-01,**Your group is on a 26 day streak!** 🔥 Here are yesterday's results:,3/6,@hereisrachel,--,--,@hereisrachel,@Jay @TheBestLoser @molligan82 @MajorDanger @joel @toastychu @TheFastestClark @jbonly,@sinfulprey11 @Heather @Lorax,--,@CardinalJoker
2025-07-02,**Your group is on a 27 day streak!** 🔥 Here are yesterday's results:,3/6,@sinfulprey11 @TheFastestClark @CardinalJoker,--,--,@sinfulprey11 @TheFastestClark @CardinalJoker,@Heather @jbonly @joel @MajorDanger,@hereisrachel @toastychu,@TheBestLoser @Lorax,--
2025-07-03,**Your group is on a 28 day streak!** 🔥 Here are yesterday's results:,1/6,@MajorDanger,@MajorDanger,--,@molligan82,@hereisrachel @joel @jbonly,@Lorax @TheBestLoser @Heather @Jay,--,@TheFastestClark @toastychu @sinfulprey11
2025-07-04,**Your group is on a 29 day streak!** 🔥 Here are yesterday's results:,3/6,@CardinalJoker,--,--,@CardinalJoker,@TheFastestClark @molligan82 @jbonly,@sinfulprey11 @hereisrachel @TheBestLoser @joel @MajorDanger,@Shawn,@Heather @Lorax @Jay @toastychu
2025-07-05,**Your group is on a 30 day streak!** 🔥 Here are yesterday's results:,4/6,@hereisrachel @Jay,--,--,--,@hereisrachel @Jay,@CardinalJoker,@sinfulprey11 @molligan82 @MajorDanger,@TheFastestClark @Lorax @TheBestLoser
2025-07-05,**Your group is on a 31 day streak!** 🔥 Here are yesterday's results:,2/6,@joel,--,@joel,--,@jbonly,@MajorDanger @molligan82,@Shawn @Heather @Jay,@Lorax @hereisrachel @sinfulprey11 @TheBestLoser
2025-07-07,**Your group is on a 32 day streak!** 🔥 Here are yesterday's results:,3/6,@jbonly,--,--,@jbonly,@hereisrachel @Shawn @sinfulprey11,@joel @MajorDanger,@toastychu @Heather,@TheFastestClark @TheBestLoser @Jay
2025-07-08,**Your group is on a 33 day streak!** 🔥 Here are yesterday's results:,3/6,@hereisrachel @Lorax,--,--,@hereisrachel @Lorax,@joel @toastychu @sinfulprey11 @Jay @Shawn @jbonly @CardinalJoker,--,@MajorDanger,--
2025-07-08,**Your group is on a 34 day streak!** 🔥 Here are yesterday's results:,2/6,@Lorax,--,@Lorax,@Jay,@Shawn @sinfulprey11 @toastychu @MajorDanger @TheBestLoser @TheFastestClark @Heather @joel,--,--,@hereisrachel @jbonly
2025-07-10,**Your group is on a 35 day streak!** 🔥 Here are yesterday's results:,3/6,@hereisrachel,--,--,@hereisrachel,@Shawn @toastychu @joel @sinfulprey11 @jbonly,@CardinalJoker @MajorDanger,@Lorax,@TheBestLoser
2025-07-11,**Your group is on a 36 day streak!** 🔥 Here are yesterday's results:,3/6,@CardinalJoker,--,--,@CardinalJoker,@Lorax @Shawn @joel,@hereisrachel @sinfulprey11,--,@MajorDanger @molligan82 @toastychu @jbonly
2025-07-12,**Your group is on a 37 day streak!** 🔥 Here are yesterday's results:,2/6,@sinfulprey11,--,@sinfulprey11,@Heather @jbonly @joel,@Shawn @toastychu @Jay,@hereisrachel @CardinalJoker @MajorDanger,--,--
2025-07-12,**Your group is on a 38 day streak!** 🔥 Here are yesterday's results:,4/6,@joel,--,--,--,@joel,@Jay @Lorax @sinfulprey11 @Shawn @toastychu @hereisrachel @Heather @jbonly,@MajorDanger,@CardinalJoker
2025-07-13,**Your group is on a 39 day streak!** 🔥 Here are yesterday's results:,3/6,@sinfulprey11 @MajorDanger @TheFastestClark,--,--,@sinfulprey11 @MajorDanger @TheFastestClark,@hereisrachel @Shawn @toastychu @Lorax,@Heather @jbonly,@joel,@CardinalJoker
2025-07-15,**Your group is on a 40 day streak!** 🔥 Here are yesterday's results:,3/6,@Heather,--,--,@Heather,@jbonly,@sinfulprey11 @Shawn @hereisrachel,@joel,@MajorDanger @toastychu @Jay
2025-07-16,**Your group is on a 41 day streak!** 🔥 Here are yesterday's results:,3/6,@Shawn,--,--,@Shawn,--,@Lorax @hereisrachel @Jay @MajorDanger,@Heather @jbonly,@sinfulprey11 @TheFastestClark @toastychu @joel
2025-07-17,**Your group is on a 42 day streak!** 🔥 Here are yesterday's results:,3/6,@CardinalJoker,--,--,@CardinalJoker,@hereisrachel,@Shawn @jbonly,@Jay @joel @MajorDanger,@sinfulprey11 @TheFastestClark
2025-07-17,**Your group is on a 43 day streak!** 🔥 Here are yesterday's results:,4/6,@Shawn @sinfulprey11,--,--,--,@Shawn @sinfulprey11,@hereisrachel @jbonly,@Lorax @Heather,@CardinalJoker @Jay
2025-07-19,**Your group is on a 44 day streak!** 🔥 Here are yesterday's results:,3/6,@Lorax @Heather @jbonly,--,--,@Lorax @Heather @jbonly,@hereisrachel @sinfulprey11 @CardinalJoker @TheFastestClark,@MajorDanger,@Jay,@toastychu @Shawn
2025-07-19,**Your group is on a 45 day streak!** 🔥 Here are yesterday's results:,2/6,@CardinalJoker,--,@CardinalJoker,@Heather,@hereisrachel @Shawn @sinfulprey11 @joel @jbonly @MajorDanger,@Lorax,@Jay,@toastychu
2025-07-20,**Your group is on a 46 day streak!** 🔥 Here are yesterday's results:,3/6,@joel,--,--,@joel,@Jay @sinfulprey11 @jbonly,@Lorax @hereisrachel @Shawn @MajorDanger @toastychu @Heather,@CardinalJoker,--
2025-07-21,**Your group is on a 47 day streak!** 🔥 Here are yesterday's results:,5/6,@hereisrachel @Shawn @toastychu,--,--,--,--,@hereisrachel @Shawn @toastychu,@sinfulprey11 @CardinalJoker @joel @MajorDanger @Lorax,@jbonly
2025-07-23,**Your group is on a 48 day streak!** 🔥 Here are yesterday's results:,3/6,@joel @Heather @Lorax,--,--,@joel @Heather @Lorax,@sinfulprey11 @Shawn @hereisrachel @jbonly @MajorDanger,--,--,@CardinalJoker @toastychu
2025-07-24,**Your group is on a 49 day streak!** 🔥 Here are yesterday's results:,1/6,@sinfulprey11,@sinfulprey11,@eplex,--,@Shawn @CardinalJoker @jbonly @hereisrachel,@Heather,@joel @Lorax,@toastychu
2025-07-25,**Your group is on a 50 day streak!** 🔥 Here are yesterday's results:,3/6,@MajorDanger @jbonly,--,--,@MajorDanger @jbonly,@sinfulprey11,@joel @Heather @hereisrachel,--,@CardinalJoker @Shawn
2025-07-25,**Your group is on a 51 day streak!** 🔥 Here are yesterday's results:,3/6,@CardinalJoker @Lorax,--,--,@CardinalJoker @Lorax,@Shawn,@joel @jbonly,@sinfulprey11,@hereisrachel @MajorDanger @Heather
2025-07-26,**Your group is on a 52 day streak!** 🔥 Here are yesterday's results:,3/6,@Heather @CardinalJoker @hereisrachel @jbonly,--,--,@Heather @CardinalJoker @hereisrachel @jbonly,@sinfulprey11 @Shawn,@Lorax @toastychu,--,--
2025-07-27,**Your group is on a 53 day streak!** 🔥 Here are yesterday's results:,3/6,@jbonly @sinfulprey11 @CardinalJoker,--,--,@jbonly @sinfulprey11 @CardinalJoker,@Shawn,@hereisrachel @MajorDanger,@Heather,@Lorax @toastychu
2025-07-29,**Your group is on a 54 day streak!** 🔥 Here are yesterday's results:,6/6,@sinfulprey11 @CardinalJoker @Shawn @hereisrachel,--,--,--,--,--,@sinfulprey11 @CardinalJoker @Shawn @hereisrachel,@jbonly @joel @toastychu
2025-07-30,**Your group is on a 55 day streak!** 🔥 Here are yesterday's results:,3/6,@hereisrachel @Shawn,--,--,@hereisrachel @Shawn,@joel @TheFastestClark @jbonly,@Heather,--,@toastychu @CardinalJoker @MajorDanger @sinfulprey11
2025-07-31,**Your group is on a 56 day streak!** 🔥 Here are yesterday's results:,3/6,@joel,--,--,@joel,@sinfulprey11 @CardinalJoker @hereisrachel,@Shawn,@MajorDanger,@Heather @toastychu
2025-07-31,**Your group is on a 57 day streak!** 🔥 Here are yesterday's results:,3/6,@Lorax,--,--,@Lorax,@CardinalJoker,@MajorDanger @sinfulprey11 @hereisrachel,@joel,@Shawn @TheFastestClark
2025-08-02,**Your group is on a 58 day streak!** 🔥 Here are yesterday's results:,4/6,@joel @hereisrachel @Lorax,--,--,--,@joel @hereisrachel @Lorax,@Shawn,@sinfulprey11,@MajorDanger @CardinalJoker
2025-08-03,**Your group is on a 59 day streak!** 🔥 Here are yesterday's results:,4/6,@CardinalJoker @sinfulprey11 @Shawn @hereisrachel @jbonly @Heather,--,--,--,@CardinalJoker @sinfulprey11 @Shawn @hereisrachel @jbonly @Heather,@toastychu @TheFastestClark,@joel,--
2025-08-04,**Your group is on a 60 day streak!** 🔥 Here are yesterday's results:,3/6,@Shawn @toastychu,--,--,@Shawn @toastychu,@joel @TheFastestClark,@hereisrachel @Heather @sinfulprey11 @jbonly,--,@MajorDanger
2025-08-05,**Your group is on a 61 day streak!** 🔥 Here are yesterday's results:,3/6,@joel @hereisrachel,--,--,@joel @hereisrachel,@Shawn @sinfulprey11 @jbonly @Heather,--,--,@toastychu
2025-08-06,**Your group is on a 62 day streak!** 🔥 Here are yesterday's results:,4/6,@joel @hereisrachel @jbonly,--,--,--,@joel @hereisrachel @jbonly,@sinfulprey11 @Heather,@Shawn,--
2025-08-07,**Your group is on a 63 day streak!** 🔥 Here are yesterday's results:,3/6,@Shawn @sinfulprey11,--,--,@Shawn @sinfulprey11,@hereisrachel @jbonly,@joel @CardinalJoker @Heather @Jay,--,@TheFastestClark
2025-08-08,**Your group is on a 64 day streak!** 🔥 Here are yesterday's results:,3/6,@joel,--,--,@joel,@hereisrachel @CardinalJoker @jbonly,@Shawn,@sinfulprey11 @toastychu,--
2025-08-09,**Your group is on a 65 day streak!** 🔥 Here are yesterday's results:,2/6,@CardinalJoker,--,@CardinalJoker,--,@joel @hereisrachel @jbonly,@Shawn @sinfulprey11,--,@toastychu @MajorDanger @Lorax @Heather
2025-08-10,**Your group is on a 66 day streak!** 🔥 Here are yesterday's results:,1/6,@TheBestLoser,@TheBestLoser,--,@Shawn @sinfulprey11,@joel @hereisrachel @CardinalJoker,@Heather,--,@Lorax @MajorDanger @Jay @toastychu
2025-08-11,**Your group is on a 67 day streak!** 🔥 Here are yesterday's results:,3/6,@sinfulprey11 @Shawn @TheFastestClark,--,--,@sinfulprey11 @Shawn @TheFastestClark,@Lorax @hereisrachel @joel,@CardinalJoker @jbonly,--,@toastychu
2025-08-12,**Your group is on a 68 day streak!** 🔥 Here are yesterday's results:,3/6,@CardinalJoker @Shawn,--,--,@CardinalJoker @Shawn,--,@Heather @hereisrachel @toastychu @sinfulprey11 @joel,@Lorax,--
2025-08-13,**Your group is on a 69 day streak!** 🔥 Here are yesterday's results:,2/6,@joel,--,@joel,@hereisrachel @Shawn @CardinalJoker,@Heather @TheFastestClark @sinfulprey11,@jbonly,--,@toastychu
2025-08-14,**Your group is on a 70 day streak!** 🔥 Here are yesterday's results:,3/6,@sinfulprey11,--,--,@sinfulprey11,@joel,@hereisrachel,--,@Shawn @Heather @CardinalJoker @jbonly
2025-08-15,**Your group is on a 71 day streak!** 🔥 Here are yesterday's results:,4/6,@sinfulprey11 @jbonly,--,--,--,@sinfulprey11 @jbonly,@joel @hereisrachel,@Heather @Shawn @CardinalJoker,@toastychu @Lorax
2025-08-16,**Your group is on a 72 day streak!** 🔥 Here are yesterday's results:,4/6,@joel @Shawn @Lorax,--,--,--,@joel @Shawn @Lorax,@CardinalJoker @sinfulprey11,@hereisrachel,@jbonly
2025-08-17,**Your group is on a 73 day streak!** 🔥 Here are yesterday's results:,2/6,@sinfulprey11,--,@sinfulprey11,@Shawn @Lorax,@CardinalJoker @jbonly,@joel @hereisrachel,--,--
2025-08-17,**Your group is on a 74 day streak!** 🔥 Here are yesterday's results:,3/6,@joel @Shawn,--,--,@joel @Shawn,@jbonly @hereisrachel,@Heather @sinfulprey11,@CardinalJoker,@Lorax
2025-08-19,**Your group is on a 75 day streak!** 🔥 Here are yesterday's results:,3/6,@hereisrachel,--,--,@hereisrachel,@CardinalJoker @Lorax @joel,--,@sinfulprey11,@Shawn
2025-08-20,**Your group is on a 76 day streak!** 🔥 Here are yesterday's results:,3/6,@hereisrachel,--,--,@hereisrachel,@sinfulprey11 @Lorax,@Shawn @Heather,@CardinalJoker,--
2025-08-21,**Your group is on a 77 day streak!** 🔥 Here are yesterday's results:,5/6,@sinfulprey11 @hereisrachel @CardinalJoker,--,--,--,--,@sinfulprey11 @hereisrachel @CardinalJoker,--,@Shawn @Lorax
2025-08-22,**Your group is on a 78 day streak!** 🔥 Here are yesterday's results:,4/6,@hereisrachel,--,--,--,@hereisrachel,@Lorax @Shawn,--,@CardinalJoker @sinfulprey11
2025-08-23,**Your group is on a 79 day streak!** 🔥 Here are yesterday's results:,4/6,@Lorax,--,--,--,@Lorax,@hereisrachel @joel @CardinalJoker,@sinfulprey11 @Shawn,--
2025-08-24,**Your group is on an 80 day streak!** 🔥 Here are yesterday's results:,4/6,@sinfulprey11 @hereisrachel @CardinalJoker @Heather,--,--,--,@sinfulprey11 @hereisrachel @CardinalJoker @Heather,@joel,@Shawn,@Lorax
2025-08-25,**Your group is on an 81 day streak!** 🔥 Here are yesterday's results:,3/6,@sinfulprey11,--,--,@sinfulprey11,@hereisrachel @CardinalJoker @Shawn,@joel @Lorax @Heather,--,--
2025-08-26,**Your group is on an 82 day streak!** 🔥 Here are yesterday's results:,4/6,@CardinalJoker @Shawn,--,--,--,@CardinalJoker @Shawn,@sinfulprey11 @Heather,@Lorax @joel @hereisrachel,--
2025-08-27,**Your group is on an 83 day streak!** 🔥 Here are yesterday's results:,3/6,@joel @sinfulprey11,--,--,@joel @sinfulprey11,@hereisrachel @jbonly @CardinalJoker,--,@Shawn @Lorax,@toastychu
2025-08-28,**Your group is on an 84 day streak!** 🔥 Here are yesterday's results:,2/6,@sinfulprey11,--,@sinfulprey11,@jbonly,@Shawn @hereisrachel @CardinalJoker,@Lorax @TheFastestClark,--,--
2025-08-29,**Your group is on an 85 day streak!** 🔥 Here are yesterday's results:,3/6,@sinfulprey11,--,--,@sinfulprey11,@hereisrachel @Lorax,@Shawn @jbonly @CardinalJoker,--,--
2025-08-30,**Your group is on an 86 day streak!** 🔥 Here are yesterday's results:,4/6,@Shawn @Lorax @CardinalJoker @jbonly,--,--,--,@Shawn @Lorax @CardinalJoker @jbonly,@sinfulprey11 @hereisrachel,@joel,--
2025-08-31,**Your group is on an 87 day streak!** 🔥 Here are yesterday's results:,4/6,@hereisrachel @sinfulprey11,--,--,--,@hereisrachel @sinfulprey11,@joel @Shawn @jbonly,--,@Lorax
2025-09-01,**Your group is on an 88 day streak!** 🔥 Here are yesterday's results:,2/6,@Shawn,--,@Shawn,@joel @sinfulprey11,@Heather @Lorax @hereisrachel @jbonly @CardinalJoker,--,--,--
2025-09-02,**Your group is on an 89 day streak!** 🔥 Here are yesterday's results:,3/6,@joel @Lorax @jbonly,--,--,@joel @Lorax @jbonly,@hereisrachel @sinfulprey11,@Shawn,--,--
2025-09-03,**Your group is on a 90 day streak!** 🔥🔥🔥 Here are yesterday's results:,3/6,@sinfulprey11 @Shawn,--,--,@sinfulprey11 @Shawn,@joel @CardinalJoker,--,@hereisrachel @jbonly,--
2025-09-04,**Your group is on a 91 day streak!** 🔥🔥🔥 Here are yesterday's results:,3/6,@sinfulprey11 @CardinalJoker,--,--,@sinfulprey11 @CardinalJoker,@hereisrachel @joel,@Shawn @jbonly,@Heather,@Lorax
2025-09-05,**Your group is on a 92 day streak!** 🔥🔥🔥 Here are yesterday's results:,3/6,@jbonly @joel,--,--,@jbonly @joel,@sinfulprey11,@hereisrachel @Shawn,--,@CardinalJoker
2025-09-06,**Your group is on a 93 day streak!** 🔥🔥🔥 Here are yesterday's results:,1/6,@TheBestLoser,@TheBestLoser,@CardinalJoker,@hereisrachel @TheFastestClark @Lorax,@sinfulprey11 @joel,@Shawn @jbonly,@Heather,--
2025-09-07,**Your group is on a 94 day streak!** 🔥🔥🔥 Here are yesterday's results:,3/6,@hereisrachel,--,--,@hereisrachel,@joel,@Shawn @jbonly,--,@CardinalJoker @sinfulprey11
2025-09-08,**Your group is on a 95 day streak!** 🔥🔥🔥 Here are yesterday's results:,3/6,@joel @jbonly @sinfulprey11,--,--,@joel @jbonly @sinfulprey11,@Heather @hereisrachel @Shawn @CardinalJoker,--,--,@Lorax
2025-09-09,**Your group is on a 96 day streak!** 🔥🔥🔥 Here are yesterday's results:,3/6,@hereisrachel @Shawn @joel,--,--,@hereisrachel @Shawn @joel,--,--,--,@sinfulprey11
2025-09-10,**Your group is on a 97 day streak!** 🔥🔥🔥 Here are yesterday's results:,3/6,@Shawn @jbonly @joel,--,--,@Shawn @jbonly @joel,@sinfulprey11 @hereisrachel,--,--,--
2025-09-11,**Your group is on a 98 day streak!** 🔥🔥🔥 Here are yesterday's results:,3/6,@Heather @hereisrachel @sinfulprey11,--,--,@Heather @hereisrachel @sinfulprey11,@Shawn @jbonly,@Lorax @joel,--,--
2025-09-12,**Your group is on a 99 day streak!** 🔥🔥🔥 Here are yesterday's results:,3/6,@sinfulprey11 @jbonly @Shawn,--,--,@sinfulprey11 @jbonly @Shawn,@hereisrachel @joel,--,--,@Lorax
2025-09-13,**Your group is on a 100 day streak!** 🔥🔥🔥 Here are yesterday's results:,3/6,@jbonly @joel,--,--,@jbonly @joel,@hereisrachel @sinfulprey11,@Heather @Shawn,--,@Lorax
2025-09-14,**Your group is on a 101 day streak!** 🔥🔥🔥 Here are yesterday's results:,1/6,@TheBestLoser,@TheBestLoser,--,@hereisrachel @Lorax,@joel @sinfulprey11 @jbonly @CardinalJoker @Heather,--,--,@Shawn
2025-09-15,**Your group is on a 102 day streak!** 🔥🔥🔥 Here are yesterday's results:,3/6,@hereisrachel,--,--,@hereisrachel,@CardinalJoker @Shawn @sinfulprey11 @jbonly,@joel,--,--
2025-09-15,**Your group is on a 103 day streak!** 🔥🔥🔥 Here are yesterday's results:,3/6,@hereisrachel @Heather,--,--,@hereisrachel @Heather,@sinfulprey11 @Lorax @jbonly,--,@joel @Shawn,--
2025-09-17,**Your group is on a 104 day streak!** 🔥🔥🔥 Here are yesterday's results:,2/6,@Lorax,--,@Lorax,@Heather @jbonly @joel,@sinfulprey11 @Shawn @hereisrachel @TheFastestClark,--,--,--
2025-09-18,**Your group is on a 105 day streak!** 🔥🔥🔥 Here are yesterday's results:,3/6,@Heather @Shawn @jbonly,--,--,@Heather @Shawn @jbonly,@hereisrachel @joel,--,--,@CardinalJoker @sinfulprey11 @Lorax
2025-09-19,**Your group is on a 106 day streak!** 🔥🔥🔥 Here are yesterday's results:,3/6,@sinfulprey11 @hereisrachel @Shawn @jbonly,--,--,@sinfulprey11 @hereisrachel @Shawn @jbonly,@Lorax @joel,--,@Heather,--
2025-09-19,**Your group is on a 107 day streak!** 🔥🔥🔥 Here are yesterday's results:,2/6,@sinfulprey11 @joel,--,@sinfulprey11 @joel,@Shawn @jbonly,@CardinalJoker @hereisrachel,@Heather,--,@Lorax
2025-09-21,**Your group is on a 108 day streak!** 🔥🔥🔥 Here are yesterday's results:,4/6,@Lorax @hereisrachel,--,--,--,@Lorax @hereisrachel,@Heather @Shawn @jbonly,@joel @CardinalJoker,@sinfulprey11
2025-09-22,**Your group is on a 109 day streak!** 🔥🔥🔥 Here are yesterday's results:,3/6,@hereisrachel,--,--,@hereisrachel,--,@joel @jbonly @Shawn @sinfulprey11 @dexter,@Lorax,--
2025-09-23,**Your group is on a 110 day streak!** 🔥🔥🔥 Here are yesterday's results:,2/6,@CardinalJoker,--,@CardinalJoker,--,@hereisrachel @Shawn @joel @jbonly,@sinfulprey11,--,--
2025-09-24,**Your group is on a 111 day streak!** 🔥🔥🔥 Here are yesterday's results:,3/6,@joel @Shawn,--,--,@joel @Shawn,@hereisrachel @jbonly,@sinfulprey11 @Lorax @Heather,--,--
2025-09-25,**Your group is on a 112 day streak!** 🔥🔥🔥 Here are yesterday's results:,3/6,@hereisrachel,--,--,@hereisrachel,@sinfulprey11 @Shawn @Heather @jbonly,@joel @CardinalJoker,--,--
2025-09-26,**Your group is on a 113 day streak!** 🔥🔥🔥 Here are yesterday's results:,3/6,@hereisrachel @sinfulprey11 @jbonly @Heather,--,--,@hereisrachel @sinfulprey11 @jbonly @Heather,--,@joel @Shawn,@Lorax,--
2025-09-26,**Your group is on a 114 day streak!** 🔥🔥🔥 Here are yesterday's results:,4/6,@sinfulprey11 @hereisrachel @jbonly,--,--,--,@sinfulprey11 @hereisrachel @jbonly,@joel,@Shawn,--
2025-09-28,**Your group is on a 115 day streak!** 🔥🔥🔥 Here are yesterday's results:,3/6,@hereisrachel,--,--,@hereisrachel,@joel,@Heather @CardinalJoker,@sinfulprey11,@jbonly @Shawn
2025-09-29,**Your group is on a 116 day streak!** 🔥🔥🔥 Here are yesterday's results:,2/6,@TheBestLoser,--,@TheBestLoser,@jbonly,@sinfulprey11,@joel @Shawn,@hereisrachel @Heather,--
2025-09-29,**Your group is on a 117 day streak!** 🔥🔥🔥 Here are yesterday's results:,4/6,@jbonly,--,--,--,@jbonly,@CardinalJoker @hereisrachel @Shawn @Heather @joel @sinfulprey11,--,--
2025-10-01,**Your group is on a 118 day streak!** 🔥🔥🔥 Here are yesterday's results:,3/6,@Shawn @joel,--,--,@Shawn @joel,@jbonly @hereisrachel,@sinfulprey11 @Heather,--,--
2025-10-02,**Your group is on a 119 day streak!** 🔥🔥🔥 Here are yesterday's results:,3/6,@hereisrachel @Lorax,--,--,@hereisrachel @Lorax,@sinfulprey11 @Shawn @joel @jbonly,--,--,--
2025-10-03,**Your group is on a 120 day streak!** 🔥🔥🔥 Here are yesterday's results:,3/6,@sinfulprey11 @jbonly,--,--,@sinfulprey11 @jbonly,@Heather @CardinalJoker,@hereisrachel @joel @Shawn,--,@Lorax
2025-10-04,**Your group is on a 121 day streak!** 🔥🔥🔥 Here are yesterday's results:,4/6,@CardinalJoker @Shawn,--,--,--,@CardinalJoker @Shawn,@sinfulprey11 @Heather @joel @jbonly,@hereisrachel,--
2025-10-05,**Your group is on a 122 day streak!** 🔥🔥🔥 Here are yesterday's results:,2/6,@joel,--,@joel,@sinfulprey11 @jbonly,@CardinalJoker @Shawn,@hereisrachel,--,@Lorax
2025-10-06,**Your group is on a 123 day streak!** 🔥🔥🔥 Here are yesterday's results:,3/6,@hereisrachel @jbonly @Lorax,--,--,@hereisrachel @jbonly @Lorax,@Shawn,@CardinalJoker @sinfulprey11,@joel,--
2025-10-07,**Your group is on a 124 day streak!** 🔥🔥🔥 Here are yesterday's results:,2/6,@CardinalJoker,--,@CardinalJoker,@hereisrachel @sinfulprey11,@Lorax @jbonly,@Shawn @joel,--,--
2025-10-08,**Your group is on a 125 day streak!** 🔥🔥🔥 Here are yesterday's results:,3/6,@joel,--,--,@joel,@Shawn @hereisrachel @jbonly,@sinfulprey11,--,@CardinalJoker @Lorax @Heather
2025-10-09,**Your group is on a 126 day streak!** 🔥🔥🔥 Here are yesterday's results:,3/6,@Shawn @joel,--,--,@Shawn @joel,@hereisrachel @sinfulprey11,@jbonly,--,--
2025-10-10,**Your group is on a 127 day streak!** 🔥🔥🔥 Here are yesterday's results:,2/6,@hereisrachel,--,@hereisrachel,--,@sinfulprey11 @jbonly @CardinalJoker,@Shawn,--,@joel
2025-10-11,**Your group is on a 128 day streak!** 🔥🔥🔥 Here are yesterday's results:,3/6,@hereisrachel,--,--,@hereisrachel,@sinfulprey11 @jbonly,@Shawn @joel,--,@CardinalJoker
2025-10-12,**Your group is on a 129 day streak!** 🔥🔥🔥 Here are yesterday's results:,2/6,@Shawn,--,@Shawn,@jbonly @joel,@sinfulprey11,@hereisrachel @CardinalJoker @Lorax,--,--
2025-10-13,**Your group is on a 130 day streak!** 🔥🔥🔥 Here are yesterday's results:,3/6,@Lorax,--,--,@Lorax,@sinfulprey11 @jbonly,@Shawn @Heather,@joel,@hereisrachel
2025-10-14,**Your group is on a 131 day streak!** 🔥🔥🔥 Here are yesterday's results:,3/6,@sinfulprey11 @CardinalJoker,--,--,@sinfulprey11 @CardinalJoker,@hereisrachel @Shawn @jbonly,@joel,@Lorax,--
2025-10-14,**Your group is on a 132 day streak!** 🔥🔥🔥 Here are yesterday's results:,3/6,@hereisrachel @Shawn,--,--,@hereisrachel @Shawn,@sinfulprey11 @Lorax @jbonly @CardinalJoker,@joel,--,--
2025-10-16,**Your group is on a 133 day streak!** 🔥🔥🔥 Here are yesterday's results:,5/6,@sinfulprey11 @jbonly @hereisrachel @Shawn,--,--,--,--,@sinfulprey11 @jbonly @hereisrachel @Shawn,--,@CardinalJoker
2025-10-17,**Your group is on a 134 day streak!** 🔥🔥🔥 Here are yesterday's results:,3/6,@hereisrachel,--,--,@hereisrachel,@Shawn,--,@joel @jbonly,@sinfulprey11
2025-10-18,**Your group is on a 135 day streak!** 🔥🔥🔥 Here are yesterday's results:,3/6,@jbonly,--,--,@jbonly,@sinfulprey11 @Shawn,--,--,@joel @hereisrachel
2025-10-19,**Your group is on a 136 day streak!** 🔥🔥🔥 Here are yesterday's results:,3/6,@hereisrachel,--,--,@hereisrachel,@sinfulprey11 @Shawn @jbonly,@joel,--,@Lorax
2025-10-20,**Your group is on a 137 day streak!** 🔥🔥🔥 Here are yesterday's results:,3/6,@joel @hereisrachel,--,--,@joel @hereisrachel,@sinfulprey11 @jbonly,@Shawn,--,--
2025-10-21,**Your group is on a 138 day streak!** 🔥🔥🔥 Here are yesterday's results:,3/6,@hereisrachel,--,--,@hereisrachel,@joel @sinfulprey11,@Shawn @jbonly,--,--
2025-10-22,**Your group is on a 139 day streak!** 🔥🔥🔥 Here are yesterday's results:,4/6,@Shawn @hereisrachel @sinfulprey11 @jbonly,--,--,--,@Shawn @hereisrachel @sinfulprey11 @jbonly,@joel,--,--
2025-10-23,**Your group is on a 140 day streak!** 🔥🔥🔥 Here are yesterday's results:,4/6,@Lorax,--,--,--,@Lorax,@sinfulprey11 @joel @jbonly,@hereisrachel,@Shawn
2025-10-24,**Your group is on a 141 day streak!** 🔥🔥🔥 Here are yesterday's results:,3/6,@jbonly,--,--,@jbonly,@sinfulprey11 @hereisrachel @MajorDanger,@Shawn,@Lorax,--
2025-10-25,**Your group is on a 142 day streak!** 🔥🔥🔥 Here are yesterday's results:,4/6,@jbonly,--,--,--,@jbonly,@sinfulprey11 @hereisrachel @Shawn @Lorax,--,@MajorDanger
2025-10-26,**Your group is on a 143 day streak!** 🔥🔥🔥 Here are yesterday's results:,3/6,@sinfulprey11,--,--,@sinfulprey11,@hereisrachel @Shawn @joel,@Lorax,--,--
2025-10-27,**Your group is on a 144 day streak!** 🔥🔥🔥 Here are yesterday's results:,4/6,@hereisrachel,--,--,--,@hereisrachel,@sinfulprey11 @Shawn,@jbonly,--
2025-10-28,**Your group is on a 145 day streak!** 🔥🔥🔥 Here are yesterday's results:,3/6,@hereisrachel @jbonly,--,--,@hereisrachel @jbonly,@sinfulprey11 @Shawn,--,--,--
2025-10-29,**Your group is on a 146 day streak!** 🔥🔥🔥 Here are yesterday's results:,4/6,@sinfulprey11,--,--,--,@sinfulprey11,@jbonly,@Shawn @hereisrachel,--
2025-10-30,**Your group is on a 147 day streak!** 🔥🔥🔥 Here are yesterday's results:,3/6,@jbonly,--,--,@jbonly,@hereisrachel @joel,@sinfulprey11 @Shawn,--,--
2025-10-31,**Your group is on a 148 day streak!** 🔥🔥🔥 Here are yesterday's results:,2/6,@joel,--,@joel,--,@Shawn @hereisrachel @jbonly @sinfulprey11,--,--,@CardinalJoker
2025-10-31,**Your group is on a 149 day streak!** 🔥🔥🔥 Here are yesterday's results:,3/6,@Shawn,--,--,@Shawn,@jbonly @hereisrachel @joel,@MajorDanger,--,@sinfulprey11
2025-11-02,**Your group is on a 150 day streak!** 🔥🔥🔥 Here are yesterday's results:,3/6,@Shawn @jbonly @sinfulprey11,--,--,@Shawn @jbonly @sinfulprey11,@hereisrachel @joel,--,--,--
2025-11-03,**Your group is on a 151 day streak!** 🔥🔥🔥 Here are yesterday's results:,4/6,@joel @jbonly,--,--,--,@joel @jbonly,@hereisrachel @Shawn,--,@sinfulprey11
2025-11-04,**Your group is on a 152 day streak!** 🔥🔥🔥 Here are yesterday's results:,3/6,@sinfulprey11,--,--,@sinfulprey11,@hereisrachel @Shawn,@jbonly,@joel,--
2025-11-05,**Your group is on a 153 day streak!** 🔥🔥🔥 Here are yesterday's results:,4/6,@Shawn @jbonly,--,--,--,@Shawn @jbonly,@sinfulprey11 @hereisrachel @joel @Lorax,--,--
2025-11-06,**Your group is on a 154 day streak!** 🔥🔥🔥 Here are yesterday's results:,3/6,@hereisrachel,--,--,@hereisrachel,@Shawn @joel,@jbonly @sinfulprey11,--,--
2025-11-07,**Your group is on a 155 day streak!** 🔥🔥🔥 Here are yesterday's results:,3/6,@jbonly @hereisrachel,--,--,@jbonly @hereisrachel,@Shawn,@sinfulprey11,@joel,--
2025-11-08,**Your group is on a 156 day streak!** 🔥🔥🔥 Here are yesterday's results:,2/6,@jbonly,--,@jbonly,@Shawn @hereisrachel,@sinfulprey11 @joel @MajorDanger,--,--,--
2025-11-09,**Your group is on a 157 day streak!** 🔥🔥🔥 Here are yesterday's results:,3/6,@hereisrachel,--,--,@hereisrachel,@jbonly,@sinfulprey11 @Shawn @joel,@MajorDanger,--
2025-11-10,**Your group is on a 158 day streak!** 🔥🔥🔥 Here are yesterday's results:,4/6,@Shawn,--,--,--,@Shawn,@Lorax @hereisrachel @jbonly,@sinfulprey11 @joel,@MajorDanger
2025-11-11,**Your group is on a 159 day streak!** 🔥🔥🔥 Here are yesterday's results:,4/6,@sinfulprey11,--,--,--,@sinfulprey11,@hereisrachel @jbonly @Shawn,--,@MajorDanger
2025-11-12,**Your group is on a 160 day streak!** 🔥🔥🔥 Here are yesterday's results:,4/6,@Shawn @sinfulprey11 @hereisrachel,--,--,--,@Shawn @sinfulprey11 @hereisrachel,@joel,@jbonly,@MajorDanger
2025-11-13,**Your group is on a 161 day streak!** 🔥🔥🔥 Here are yesterday's results:,2/6,@hereisrachel,--,@hereisrachel,--,@jbonly @Shawn @joel,@sinfulprey11 @MajorDanger,--,--
2025-11-14,**Your group is on a 162 day streak!** 🔥🔥🔥 Here are yesterday's results:,3/6,@jbonly,--,--,@jbonly,@Shawn @sinfulprey11 @hereisrachel,@joel,--,@MajorDanger
2025-11-15,**Your group is on a 163 day streak!** 🔥🔥🔥 Here are yesterday's results:,2/6,@jbonly,--,@jbonly,@hereisrachel,@MajorDanger @Lorax @Shawn,@sinfulprey11,--,--
2025-11-16,**Your group is on a 164 day streak!** 🔥🔥🔥 Here are yesterday's results:,4/6,@sinfulprey11 @Shawn,--,--,--,@sinfulprey11 @Shawn,@hereisrachel @jbonly @MajorDanger @joel,--,@toastychu
2025-11-17,**Your group is on a 165 day streak!** 🔥🔥🔥 Here are yesterday's results:,4/6,@sinfulprey11 @jbonly,--,--,--,@sinfulprey11 @jbonly,@hereisrachel,@Shawn @joel,@MajorDanger
2025-11-18,**Your group is on a 166 day streak!** 🔥🔥🔥 Here are yesterday's results:,3/6,@hereisrachel @jbonly,--,--,@hereisrachel @jbonly,@sinfulprey11 @Shawn @joel,--,@MajorDanger,--
2025-11-19,**Your group is on a 167 day streak!** 🔥🔥🔥 Here are yesterday's results:,3/6,@jbonly,--,--,@jbonly,@Shawn @sinfulprey11,@hereisrachel,--,@MajorDanger
2025-11-20,**Your group is on a 168 day streak!** 🔥🔥🔥 Here are yesterday's results:,2/6,@MajorDanger,--,@MajorDanger,@hereisrachel,@Shawn,--,@sinfulprey11 @jbonly,--
2025-11-21,**Your group is on a 169 day streak!** 🔥🔥🔥 Here are yesterday's results:,5/6,@sinfulprey11 @Shawn,--,--,--,--,@sinfulprey11 @Shawn,@hereisrachel @jbonly,--
2025-11-22,**Your group is on a 170 day streak!** 🔥🔥🔥 Here are yesterday's results:,4/6,@hereisrachel @jbonly,--,--,--,@hereisrachel @jbonly,@sinfulprey11 @Lorax,@Shawn @MajorDanger,--
2025-11-23,**Your group is on a 171 day streak!** 🔥🔥🔥 Here are yesterday's results:,3/6,@sinfulprey11 @hereisrachel,--,--,@sinfulprey11 @hereisrachel,@Shawn @jbonly,@MajorDanger,--,--
2025-11-24,**Your group is on a 172 day streak!** 🔥🔥🔥 Here are yesterday's results:,4/6,@sinfulprey11 @CardinalJoker @jbonly,--,--,--,@sinfulprey11 @CardinalJoker @jbonly,--,@MajorDanger @Shawn,--
2025-11-25,**Your group is on a 173 day streak!** 🔥🔥🔥 Here are yesterday's results:,2/6,@CardinalJoker,--,@CardinalJoker,@hereisrachel,@jbonly @sinfulprey11,@Shawn,@MajorDanger,--
2025-11-26,**Your group is on a 174 day streak!** 🔥🔥🔥 Here are yesterday's results:,3/6,@hereisrachel @sinfulprey11,--,--,@hereisrachel @sinfulprey11,@Shawn @jbonly,--,--,--
2025-11-27,**Your group is on a 175 day streak!** 🔥🔥🔥 Here are yesterday's results:,3/6,@hereisrachel @jbonly,--,--,@hereisrachel @jbonly,--,@Shawn @sinfulprey11,--,--
2025-11-28,**Your group is on a 176 day streak!** 🔥🔥🔥 Here are yesterday's results:,2/6,@Shawn,--,@Shawn,--,@hereisrachel @sinfulprey11 @jbonly,--,--,@The-Poll-Chancellor
2025-11-29,**Your group is on a 177 day streak!** 🔥🔥🔥 Here are yesterday's results:,3/6,@jbonly,--,--,@jbonly,@hereisrachel @Shawn @sinfulprey11,@The-Poll-Chancellor,@MajorDanger,--
2025-11-30,**Your group is on a 178 day streak!** 🔥🔥🔥 Here are yesterday's results:,3/6,@The-Poll-Chancellor,--,--,@The-Poll-Chancellor,@hereisrachel @Shawn @sinfulprey11 @jbonly,@TheFastestClark,--,--
2025-12-01,**Your group is on a 179 day streak!** 🔥🔥🔥 Here are yesterday's results:,4/6,@MajorDanger @sinfulprey11 @hereisrachel,--,--,--,@MajorDanger @sinfulprey11 @hereisrachel,@Shawn @TheFastestClark @The-Poll-Chancellor @jbonly,--,--
2025-12-02,**Your group is on a 180 day streak!** 🔥🔥🔥 Here are yesterday's results:,3/6,@hereisrachel,--,--,@hereisrachel,@jbonly,@Shawn @The-Poll-Chancellor,@sinfulprey11,--
2025-12-03,**Your group is on a 181 day streak!** 🔥🔥🔥 Here are yesterday's results:,3/6,@jbonly,--,--,@jbonly,@hereisrachel,--,@MajorDanger,@sinfulprey11 @The-Poll-Chancellor
2025-12-04,**Your group is on a 182 day streak!** 🔥🔥🔥 Here are yesterday's results:,3/6,@Shawn @TheFastestClark @jbonly,--,--,@Shawn @TheFastestClark @jbonly,--,@sinfulprey11 @The-Poll-Chancellor,@hereisrachel,@Lorax
2025-12-05,**Your group is on a 183 day streak!** 🔥🔥🔥 Here are yesterday's results:,2/6,@jbonly,--,@jbonly,@hereisrachel,@Shawn @The-Poll-Chancellor,--,--,@MajorDanger
2025-12-06,**Your group is on a 184 day streak!** 🔥🔥🔥 Here are yesterday's results:,3/6,@The-Poll-Chancellor,--,--,@The-Poll-Chancellor,@hereisrachel @jbonly,@TheFastestClark,@MajorDanger,@sinfulprey11
2025-12-07,**Your group is on a 185 day streak!** 🔥🔥🔥 Here are yesterday's results:,3/6,@hereisrachel @Shawn @jbonly @sinfulprey11,--,--,@hereisrachel @Shawn @jbonly @sinfulprey11,--,@CardinalJoker @The-Poll-Chancellor,--,@MajorDanger @toastychu
2025-12-08,**Your group is on a 186 day streak!** 🔥🔥🔥 Here are yesterday's results:,3/6,@sinfulprey11 @jbonly,--,--,@sinfulprey11 @jbonly,@hereisrachel,--,@Shawn,--
2025-12-09,**Your group is on a 187 day streak!** 🔥🔥🔥 Here are yesterday's results:,5/6,@sinfulprey11 @Shawn @hereisrachel,--,--,--,--,@sinfulprey11 @Shawn @hereisrachel,@jbonly,--
2025-12-10,**Your group is on a 188 day streak!** 🔥🔥🔥 Here are yesterday's results:,3/6,@jbonly,--,--,@jbonly,@sinfulprey11 @hereisrachel @The-Poll-Chancellor @MajorDanger,--,--,--
2025-12-11,**Your group is on a 189 day streak!** 🔥🔥🔥 Here are yesterday's results:,3/6,@hereisrachel,--,--,@hereisrachel,@CardinalJoker @Shawn @The-Poll-Chancellor,@jbonly,@MajorDanger,@sinfulprey11 @TheFastestClark
2025-12-12,**Your group is on a 190 day streak!** 🔥🔥🔥 Here are yesterday's results:,3/6,@CardinalJoker,--,--,@CardinalJoker,@jbonly @The-Poll-Chancellor @sinfulprey11,@hereisrachel @TheFastestClark,@Shawn @MajorDanger,--
2025-12-13,**Your group is on a 191 day streak!** 🔥🔥🔥 Here are yesterday's results:,2/6,@The-Poll-Chancellor,--,@The-Poll-Chancellor,@Shawn @hereisrachel @sinfulprey11,@jbonly @MajorDanger,@CardinalJoker,--,--
2025-12-14,**Your group is on a 192 day streak!** 🔥🔥🔥 Here are yesterday's results:,3/6,@sinfulprey11 @Shawn,--,--,@sinfulprey11 @Shawn,@hereisrachel,@The-Poll-Chancellor @MajorDanger @joel,@jbonly,@CardinalJoker
2025-12-15,**Your group is on a 193 day streak!** 🔥🔥🔥 Here are yesterday's results:,3/6,@jbonly @CardinalJoker,--,--,@jbonly @CardinalJoker,@sinfulprey11 @hereisrachel,@Shawn,@joel @MajorDanger @The-Poll-Chancellor,--
2025-12-16,**Your group is on a 194 day streak!** 🔥🔥🔥 Here are yesterday's results:,4/6,@hereisrachel @jbonly @The-Poll-Chancellor,--,--,--,@hereisrachel @jbonly @The-Poll-Chancellor,@sinfulprey11 @Shawn @MajorDanger @CardinalJoker,--,--
2025-12-17,**Your group is on a 195 day streak!** 🔥🔥🔥 Here are yesterday's results:,3/6,@hereisrachel,--,--,@hereisrachel,@CardinalJoker @jbonly,@Shawn,@sinfulprey11 @joel,--
2025-12-18,**Your group is on a 196 day streak!** 🔥🔥🔥 Here are yesterday's results:,1/6,@Lorax,@Lorax,@CardinalJoker,@jbonly,@sinfulprey11,@MajorDanger,@hereisrachel @Shawn,@TheFastestClark
2025-12-19,**Your group is on a 197 day streak!** 🔥🔥🔥 Here are yesterday's results:,3/6,@sinfulprey11 @hereisrachel,--,--,@sinfulprey11 @hereisrachel,@jbonly,@Shawn,--,@CardinalJoker
2025-12-20,**Your group is on a 198 day streak!** 🔥🔥🔥 Here are yesterday's results:,4/6,@hereisrachel @jbonly,--,--,--,@hereisrachel @jbonly,@joel,@MajorDanger,@CardinalJoker @sinfulprey11
2025-12-21,**Your group is on a 199 day streak!** 🔥🔥🔥 Here are yesterday's results:,3/6,@sinfulprey11,--,--,@sinfulprey11,@joel @hereisrachel @jbonly,@Heather @MajorDanger,--,--
2025-12-22,**Your group is on a 200 day streak!** 🔥🔥🔥 Here are yesterday's results:,4/6,@hereisrachel @CardinalJoker,--,--,--,@hereisrachel @CardinalJoker,@Shawn @Lorax,@MajorDanger @jbonly,--
2025-12-23,**Your group is on a 201 day streak!** 🔥🔥🔥 Here are yesterday's results:,3/6,@sinfulprey11 @jbonly,--,--,@sinfulprey11 @jbonly,@hereisrachel @Shawn @joel @Asa,@Heather @Lorax @MajorDanger,@CardinalJoker,--
2025-12-24,**Your group is on a 202 day streak!** 🔥🔥🔥 Here are yesterday's results:,3/6,@hereisrachel @Heather,--,--,@hereisrachel @Heather,@jbonly @CardinalJoker @MajorDanger @sinfulprey11,@joel,@Shawn,@Asa
2025-12-25,**Your group is on a 203 day streak!** 🔥🔥🔥 Here are yesterday's results:,4/6,@Heather @MajorDanger,--,--,--,@Heather @MajorDanger,@Shawn @CardinalJoker @jbonly @joel,@hereisrachel @sinfulprey11,--
2025-12-26,**Your group is on a 204 day streak!** 🔥🔥🔥 Here are yesterday's results:,2/6,@Shawn,--,@Shawn,@CardinalJoker @molligan82,@hereisrachel @sinfulprey11 @Lorax @jbonly,@MajorDanger,--,--
2025-12-27,**Your group is on a 205 day streak!** 🔥🔥🔥 Here are yesterday's results:,3/6,@sinfulprey11 @Shawn @jbonly,--,--,@sinfulprey11 @Shawn @jbonly,@CardinalJoker @hereisrachel @MajorDanger,@Heather,--,--
2025-12-28,**Your group is on a 206 day streak!** 🔥🔥🔥 Here are yesterday's results:,4/6,@jbonly @CardinalJoker,--,--,--,@jbonly @CardinalJoker,@Shawn @Heather @MajorDanger,@sinfulprey11,@hereisrachel
2025-12-29,**Your group is on a 207 day streak!** 🔥🔥🔥 Here are yesterday's results:,4/6,@jbonly @MajorDanger,--,--,--,@jbonly @MajorDanger,@hereisrachel @Shawn @CardinalJoker,@sinfulprey11 @Heather,--
2025-12-30,**Your group is on a 208 day streak!** 🔥🔥🔥 Here are yesterday's results:,3/6,@jbonly @MajorDanger,--,--,@jbonly @MajorDanger,@hereisrachel @Shawn @CardinalJoker,@sinfulprey11 @joel,--,@Heather
2025-12-31,**Your group is on a 209 day streak!** 🔥🔥🔥 Here are yesterday's results:,3/6,@hereisrachel @sinfulprey11 @MajorDanger,--,--,@hereisrachel @sinfulprey11 @MajorDanger,@Shawn @jbonly @joel,--,--,@CardinalJoker @The-Poll-Chancellor
2026-01-01,**Your group is on a 210 day streak!** 🔥🔥🔥 Here are yesterday's results:,3/6,@hereisrachel @The-Poll-Chancellor,--,--,@hereisrachel @The-Poll-Chancellor,@CardinalJoker @sinfulprey11 @Heather @Shawn @joel @toastychu @jbonly,@MajorDanger,--,--
2026-01-02,**Your group is on a 211 day streak!** 🔥🔥🔥 Here are yesterday's results:,3/6,@toastychu @jbonly,--,--,@toastychu @jbonly,@joel @Shawn,@The-Poll-Chancellor @Heather @hereisrachel @MajorDanger,@sinfulprey11 @CardinalJoker,--
2026-01-03,**Your group is on a 212 day streak!** 🔥🔥🔥 Here are yesterday's results:,4/6,@hereisrachel @sinfulprey11,--,--,--,@hereisrachel @sinfulprey11,@joel,@CardinalJoker,@toastychu @jbonly
2026-01-04,**Your group is on a 213 day streak!** 🔥🔥🔥 Here are yesterday's results:,3/6,@sinfulprey11,--,--,@sinfulprey11,@MajorDanger @CardinalJoker @joel,@hereisrachel,--,--
2026-01-05,**Your group is on a 214 day streak!** 🔥🔥🔥 Here are yesterday's results:,3/6,@hereisrachel @CardinalJoker,--,--,@hereisrachel @CardinalJoker,@sinfulprey11 @MajorDanger,@jbonly,--,--
2026-01-06,**Your group is on a 215 day streak!** 🔥🔥🔥 Here are yesterday's results:,3/6,@CardinalJoker,--,--,@CardinalJoker,@hereisrachel,--,@jbonly @Shawn,@MajorDanger
2026-01-07,**Your group is on a 216 day streak!** 🔥🔥🔥 Here are yesterday's results:,4/6,@jbonly,--,--,--,@jbonly,@hereisrachel @sinfulprey11,--,@Shawn
2026-01-08,**Your group is on a 217 day streak!** 🔥🔥🔥 Here are yesterday's results:,3/6,@hereisrachel,--,--,@hereisrachel,@sinfulprey11 @jbonly @Shawn,--,--,--
2026-01-09,**Your group is on a 218 day streak!** 🔥🔥🔥 Here are yesterday's results:,3/6,@hereisrachel @Shawn @sinfulprey11 @jbonly,--,--,@hereisrachel @Shawn @sinfulprey11 @jbonly,@toastychu @CardinalJoker @MajorDanger,--,--,--
2026-01-10,**Your group is on a 219 day streak!** 🔥🔥🔥 Here are yesterday's results:,4/6,@hereisrachel @joel,--,--,--,@hereisrachel @joel,@sinfulprey11 @jbonly,--,@Shawn @CardinalJoker
2026-01-11,**Your group is on a 220 day streak!** 🔥🔥🔥 Here are yesterday's results:,3/6,@hereisrachel,--,--,@hereisrachel,@sinfulprey11 @jbonly @Lorax,@joel,@MajorDanger,@CardinalJoker
2026-01-12,**Your group is on a 221 day streak!** 🔥🔥🔥 Here are yesterday's results:,4/6,@hereisrachel @sinfulprey11,--,--,--,@hereisrachel @sinfulprey11,@joel @jbonly,--,@Lorax @Shawn @MajorDanger
2026-01-13,**Your group is on a 222 day streak!** 🔥🔥🔥 Here are yesterday's results:,2/6,@jbonly,--,@jbonly,@hereisrachel @sinfulprey11 @CardinalJoker @joel,@Shawn,--,--,--
2026-01-14,**Your group is on a 223 day streak!** 🔥🔥🔥 Here are yesterday's results:,4/6,@Shawn @hereisrachel @jbonly @CardinalJoker @toastychu,--,--,--,@Shawn @hereisrachel @jbonly @CardinalJoker @toastychu,@joel,@sinfulprey11,--
2026-01-15,**Your group is on a 224 day streak!** 🔥🔥🔥 Here are yesterday's results:,3/6,@toastychu,--,--,@toastychu,@hereisrachel @sinfulprey11 @Shawn,@joel,@CardinalJoker @jbonly,@MajorDanger
2026-01-16,**Your group is on a 225 day streak!** 🔥🔥🔥 Here are yesterday's results:,2/6,@Shawn,--,@Shawn,@hereisrachel,@jbonly @MajorDanger @joel,@sinfulprey11 @CardinalJoker,@toastychu,--
2026-01-17,**Your group is on a 226 day streak!** 🔥🔥🔥 Here are yesterday's results:,3/6,@Shawn @jbonly,--,--,@Shawn @jbonly,--,@sinfulprey11 @joel,@hereisrachel @CardinalJoker @toastychu,@MajorDanger
2026-01-18,**Your group is on a 227 day streak!** 🔥🔥🔥 Here are yesterday's results:,3/6,@hereisrachel,--,--,@hereisrachel,@toastychu @jbonly,--,@Shawn @joel @MajorDanger,@sinfulprey11
2026-01-19,**Your group is on a 228 day streak!** 🔥🔥🔥 Here are yesterday's results:,2/6,@Shawn,--,@Shawn,@hereisrachel,@joel,@sinfulprey11 @jbonly,--,@toastychu @CardinalJoker
2026-01-20,**Your group is on a 229 day streak!** 🔥🔥🔥 Here are yesterday's results:,4/6,@jbonly @sinfulprey11 @joel,--,--,--,@jbonly @sinfulprey11 @joel,--,@hereisrachel @Shawn,@CardinalJoker
2026-01-21,**Your group is on a 230 day streak!** 🔥🔥🔥 Here are yesterday's results:,4/6,@CardinalJoker @hereisrachel @jbonly,--,--,--,@CardinalJoker @hereisrachel @jbonly,@MajorDanger @Shawn @sinfulprey11,--,@toastychu
2026-01-22,**Your group is on a 231 day streak!** 🔥🔥🔥 Here are yesterday's results:,3/6,@CardinalJoker,--,--,@CardinalJoker,@hereisrachel,@Shawn @sinfulprey11 @jbonly,@toastychu,@MajorDanger
2026-01-23,**Your group is on a 232 day streak!** 🔥🔥🔥 Here are yesterday's results:,4/6,@hereisrachel,--,--,--,@hereisrachel,@CardinalJoker @sinfulprey11 @Shawn @jbonly,--,--
2026-01-24,**Your group is on a 233 day streak!** 🔥🔥🔥 Here are yesterday's results:,3/6,@Shawn,--,--,@Shawn,@hereisrachel @jbonly,@sinfulprey11,--,@CardinalJoker
2026-01-25,**Your group is on a 234 day streak!** 🔥🔥🔥 Here are yesterday's results:,3/6,@toastychu @jbonly,--,--,@toastychu @jbonly,@sinfulprey11 @Shawn,@CardinalJoker,@hereisrachel,@MajorDanger
2026-01-26,**Your group is on a 235 day streak!** 🔥🔥🔥 Here are yesterday's results:,3/6,@jbonly,--,--,@jbonly,@CardinalJoker @hereisrachel @Shawn @sinfulprey11,@molligan82,--,--
2026-01-27,**Your group is on a 236 day streak!** 🔥🔥🔥 Here are yesterday's results:,3/6,@joel,--,--,@joel,@hereisrachel @Shawn @toastychu @CardinalJoker,@jbonly @MajorDanger,@sinfulprey11,--
2026-01-28,**Your group is on a 237 day streak!** 🔥🔥🔥 Here are yesterday's results:,3/6,@hereisrachel @The-Poll-Chancellor,--,--,@hereisrachel @The-Poll-Chancellor,@sinfulprey11,@Shawn,@toastychu @joel @jbonly,--
2026-01-28,**Your group is on a 238 day streak!** 🔥🔥🔥 Here are yesterday's results:,3/6,@sinfulprey11 @joel,--,--,@sinfulprey11 @joel,@hereisrachel @The-Poll-Chancellor @jbonly,@MajorDanger @CardinalJoker,@toastychu,--
2026-01-30,**Your group is on a 239 day streak!** 🔥🔥🔥 Here are yesterday's results:,3/6,@Shawn @joel,--,--,@Shawn @joel,@toastychu @jbonly @TheFastestClark @sinfulprey11 @CardinalJoker,@hereisrachel,--,@The-Poll-Chancellor
2026-01-31,**Your group is on a 240 day streak!** 🔥🔥🔥 Here are yesterday's results:,4/6,@sinfulprey11,--,--,--,@sinfulprey11,@joel,@Shawn @hereisrachel @jbonly,@MajorDanger @CardinalJoker @The-Poll-Chancellor
2026-02-01,**Your group is on a 241 day streak!** 🔥🔥🔥 Here are yesterday's results:,3/6,@joel,--,--,@joel,@Shawn @jbonly @sinfulprey11 @The-Poll-Chancellor,--,@hereisrachel,@CardinalJoker
2026-02-02,**Your group is on a 242 day streak!** 🔥🔥🔥 Here are yesterday's results:,3/6,@hereisrachel @The-Poll-Chancellor @joel,--,--,@hereisrachel @The-Poll-Chancellor @joel,@jbonly @sinfulprey11,@Shawn,--,@CardinalJoker
2026-02-03,**Your group is on a 243 day streak!** 🔥🔥🔥 Here are yesterday's results:,3/6,@sinfulprey11 @The-Poll-Chancellor,--,--,@sinfulprey11 @The-Poll-Chancellor,@hereisrachel @Shawn @jbonly,@joel,@toastychu,--
2026-02-04,**Your group is on a 244 day streak!** 🔥🔥🔥 Here are yesterday's results:,3/6,@jbonly @sinfulprey11,--,--,@jbonly @sinfulprey11,@hereisrachel @The-Poll-Chancellor,@Shawn @joel,--,@MajorDanger
2026-02-05,**Your group is on a 245 day streak!** 🔥🔥🔥 Here are yesterday's results:,4/6,@The-Poll-Chancellor @hereisrachel,--,--,--,@The-Poll-Chancellor @hereisrachel,@sinfulprey11 @joel @Shawn @jbonly,--,--
2026-02-06,**Your group is on a 246 day streak!** 🔥🔥🔥 Here are yesterday's results:,4/6,@sinfulprey11 @joel @jbonly,--,--,--,@sinfulprey11 @joel @jbonly,@hereisrachel @Shawn @The-Poll-Chancellor,--,--
2026-02-07,**Your group is on a 247 day streak!** 🔥🔥🔥 Here are yesterday's results:,3/6,@hereisrachel,--,--,@hereisrachel,--,--,@joel @jbonly,@sinfulprey11 @The-Poll-Chancellor
2026-02-08,**Your group is on a 248 day streak!** 🔥🔥🔥 Here are yesterday's results:,2/6,@joel @jbonly,--,@joel @jbonly,--,--,@sinfulprey11 @The-Poll-Chancellor @hereisrachel @Shawn,--,--
2026-02-09,**Your group is on a 249 day streak!** 🔥🔥🔥 Here are yesterday's results:,3/6,@joel,--,--,@joel,--,@Shawn @hereisrachel @jbonly,@sinfulprey11,@The-Poll-Chancellor
2026-02-11,**Your group is on a 251 day streak!** 🔥🔥🔥 Here are yesterday's results:,3/6,@sinfulprey11 @Shawn @jbonly,--,--,@sinfulprey11 @Shawn @jbonly,@hereisrachel,@joel,--,--
2026-02-11,**Your group is on a 252 day streak!** 🔥🔥🔥 Here are yesterday's results:,3/6,@hereisrachel,--,--,@hereisrachel,@Shawn,@joel @jbonly,@sinfulprey11,--
2026-02-13,**Your group is on a 253 day streak!** 🔥🔥🔥 Here are yesterday's results:,3/6,@hereisrachel,--,--,@hereisrachel,@sinfulprey11 @joel @jbonly,--,--,--
2026-02-14,**Your group is on a 254 day streak!** 🔥🔥🔥 Here are yesterday's results:,3/6,@hereisrachel @joel @Shawn,--,--,@hereisrachel @joel @Shawn,@jbonly @The-Poll-Chancellor,@sinfulprey11,--,--
2026-02-15,**Your group is on a 255 day streak!** 🔥🔥🔥 Here are yesterday's results:,2/6,@Shawn,--,@Shawn,--,@sinfulprey11 @hereisrachel,--,@joel @jbonly,@The-Poll-Chancellor
2026-02-16,**Your group is on a 256 day streak!** 🔥🔥🔥 Here are yesterday's results:,4/6,@hereisrachel @sinfulprey11 @jbonly,--,--,--,@hereisrachel @sinfulprey11 @jbonly,@joel @The-Poll-Chancellor @toastychu,--,--
2026-02-17,**Your group is on a 257 day streak!** 🔥🔥🔥 Here are yesterday's results:,3/6,@jbonly @joel,--,--,@jbonly @joel,@sinfulprey11 @hereisrachel @Shawn @The-Poll-Chancellor,@toastychu,--,--
2026-02-18,**Your group is on a 258 day streak!** 🔥🔥🔥 Here are yesterday's results:,3/6,@sinfulprey11,--,--,@sinfulprey11,@hereisrachel @Heather,@Shawn,@jbonly,@The-Poll-Chancellor
2026-02-19,**Your group is on a 259 day streak!** 🔥🔥🔥 Here are yesterday's results:,2/6,@The-Poll-Chancellor,--,@The-Poll-Chancellor,@jbonly @hereisrachel @sinfulprey11,@Shawn @joel,@Heather,--,--
2026-02-20,**Your group is on a 260 day streak!** 🔥🔥🔥 Here are yesterday's results:,1/6,@joel,@joel,@Heather,@Shawn @The-Poll-Chancellor,@hereisrachel @sinfulprey11 @jbonly,--,--,@MajorDanger
2026-02-21,**Your group is on a 261 day streak!** 🔥🔥🔥 Here are yesterday's results:,4/6,@hereisrachel @sinfulprey11 @Heather,--,--,--,@hereisrachel @sinfulprey11 @Heather,@jbonly @Shawn @joel,@MajorDanger @Lorax,@The-Poll-Chancellor
2026-02-22,**Your group is on a 262 day streak!** 🔥🔥🔥 Here are yesterday's results:,3/6,@jbonly @sinfulprey11,--,--,@jbonly @sinfulprey11,@hereisrachel,@Shawn @The-Poll-Chancellor @joel,@Heather,@MajorDanger
2026-02-22,**Your group is on a 263 day streak!** 🔥🔥🔥 Here are yesterday's results:,4/6,@hereisrachel @joel,--,--,--,@hereisrachel @joel,@Shawn @sinfulprey11 @jbonly @Heather,--,@MajorDanger @CardinalJoker
2026-02-24,**Your group is on a 264 day streak!** 🔥🔥🔥 Here are yesterday's results:,2/6,@Shawn @jbonly,--,@Shawn @jbonly,--,@sinfulprey11 @hereisrachel @Heather,--,--,@MajorDanger @The-Poll-Chancellor @CardinalJoker
2026-02-25,**Your group is on a 265 day streak!** 🔥🔥🔥 Here are yesterday's results:,4/6,@jbonly,--,--,--,@jbonly,@sinfulprey11 @hereisrachel @joel @The-Poll-Chancellor,@Shawn @MajorDanger,@toastychu
2026-02-26,**Your group is on a 266 day streak!** 🔥🔥🔥 Here are yesterday's results:,2/6,@hereisrachel,--,@hereisrachel,@MajorDanger @Heather,@The-Poll-Chancellor @toastychu,@Shawn @jbonly,--,@sinfulprey11 @joel
2026-02-27,**Your group is on a 267 day streak!** 🔥🔥🔥 Here are yesterday's results:,2/6,@sinfulprey11,--,@sinfulprey11,@hereisrachel,@MajorDanger @Shawn @joel,@Heather @jbonly,--,@The-Poll-Chancellor @Lorax
2026-02-28,**Your group is on a 268 day streak!** 🔥🔥🔥 Here are yesterday's results:,4/6,@hereisrachel,--,--,--,@hereisrachel,@jbonly,@sinfulprey11 @Heather @joel,--
2026-03-01,**Your group is on a 269 day streak!** 🔥🔥🔥 Here are yesterday's results:,4/6,@hereisrachel @sinfulprey11 @joel,--,--,--,@hereisrachel @sinfulprey11 @joel,@jbonly,--,@Shawn
2026-03-02,**Your group is on a 270 day streak!** 🔥🔥🔥 Here are yesterday's results:,3/6,@sinfulprey11 @Heather @Shawn,--,--,@sinfulprey11 @Heather @Shawn,@joel @jbonly @toastychu,@hereisrachel,@Lorax,--
2026-03-03,**Your group is on a 271 day streak!** 🔥🔥🔥 Here are yesterday's results:,3/6,@Shawn @toastychu,--,--,@Shawn @toastychu,@hereisrachel @jbonly,@joel,@Heather @MajorDanger,--
2026-03-04,**Your group is on a 272 day streak!** 🔥🔥🔥 Here are yesterday's results:,3/6,@sinfulprey11,--,--,@sinfulprey11,@Shawn @Heather @jbonly,@hereisrachel @toastychu,--,--
2026-03-05,**Your group is on a 273 day streak!** 🔥🔥🔥 Here are yesterday's results:,3/6,@sinfulprey11 @jbonly,--,--,@sinfulprey11 @jbonly,@Shawn @Heather @hereisrachel,--,@joel,--
2026-03-06,**Your group is on a 274 day streak!** 🔥🔥🔥 Here are yesterday's results:,2/6,@joel,--,@joel,@Shawn @Heather @jbonly,@sinfulprey11 @MajorDanger,@hereisrachel,--,@toastychu
2026-03-07,**Your group is on a 275 day streak!** 🔥🔥🔥 Here are yesterday's results:,5/6,@hereisrachel @Shawn,--,--,--,--,@hereisrachel @Shawn,--,@sinfulprey11 @jbonly @Heather @MajorDanger
2026-03-08,**Your group is on a 276 day streak!** 🔥🔥🔥 Here are yesterday's results:,3/6,@Shawn,--,--,@Shawn,@hereisrachel @jbonly,@sinfulprey11 @joel,@Heather,@MajorDanger
2026-03-09,**Your group is on a 277 day streak!** 🔥🔥🔥 Here are yesterday's results:,4/6,@Shawn @hereisrachel @joel @jbonly,--,--,--,@Shawn @hereisrachel @joel @jbonly,@sinfulprey11 @toastychu,--,@MajorDanger
2026-03-10,**Your group is on a 278 day streak!** 🔥🔥🔥 Here are yesterday's results:,3/6,@hereisrachel @Heather @jbonly,--,--,@hereisrachel @Heather @jbonly,@sinfulprey11,@joel,@Shawn,--
2026-03-11,**Your group is on a 279 day streak!** 🔥🔥🔥 Here are yesterday's results:,2/6,@jbonly,--,@jbonly,@hereisrachel @joel,@sinfulprey11 @Shawn,--,--,@Heather
2026-03-12,**Your group is on a 280 day streak!** 🔥🔥🔥 Here are yesterday's results:,3/6,@hereisrachel,--,--,@hereisrachel,@sinfulprey11 @jbonly,@Shawn,--,--
2026-03-13,**Your group is on a 281 day streak!** 🔥🔥🔥 Here are yesterday's results:,2/6,@Shawn,--,@Shawn,@jbonly @sinfulprey11,@hereisrachel,@Heather,--,@toastychu
2026-03-14,**Your group is on a 282 day streak!** 🔥🔥🔥 Here are yesterday's results:,4/6,@hereisrachel,--,--,--,@hereisrachel,@toastychu,@sinfulprey11 @Shawn @jbonly,--
2026-03-15,**Your group is on a 283 day streak!** 🔥🔥🔥 Here are yesterday's results:,3/6,@toastychu,--,--,@toastychu,@hereisrachel @jbonly @joel,--,--,@sinfulprey11 @Shawn
2026-03-16,**Your group is on a 284 day streak!** 🔥🔥🔥 Here are yesterday's results:,3/6,@jbonly,--,--,@jbonly,@hereisrachel @sinfulprey11 @Shawn @joel,@Heather,@toastychu,--
2026-03-17,**Your group is on a 285 day streak!** 🔥🔥🔥 Here are yesterday's results:,4/6,@Heather,--,--,--,@Heather,@jbonly @hereisrachel @toastychu,--,@sinfulprey11 @Shawn
2026-03-18,**Your group is on a 286 day streak!** 🔥🔥🔥 Here are yesterday's results:,3/6,@Shawn @toastychu,--,--,@Shawn @toastychu,@Heather @hereisrachel @jbonly,@sinfulprey11 @joel,--,--
2026-03-19,**Your group is on a 287 day streak!** 🔥🔥🔥 Here are yesterday's results:,3/6,@hereisrachel,--,--,@hereisrachel,--,@sinfulprey11 @jbonly @toastychu,@Heather,@Shawn
2026-03-20,**Your group is on a 288 day streak!** 🔥🔥🔥 Here are yesterday's results:,4/6,@Shawn @hereisrachel,--,--,--,@Shawn @hereisrachel,@sinfulprey11 @jbonly,--,@toastychu @Heather
2026-03-21,**Your group is on a 289 day streak!** 🔥🔥🔥 Here are yesterday's results:,4/6,@hereisrachel,--,--,--,@hereisrachel,@sinfulprey11,--,@Shawn @toastychu
2026-03-22,**Your group is on a 290 day streak!** 🔥🔥🔥 Here are yesterday's results:,3/6,@Shawn @toastychu @hereisrachel,--,--,@Shawn @toastychu @hereisrachel,@sinfulprey11 @jbonly,--,--,--
2026-03-23,**Your group is on a 291 day streak!** 🔥🔥🔥 Here are yesterday's results:,3/6,@sinfulprey11 @hereisrachel @jbonly,--,--,@sinfulprey11 @hereisrachel @jbonly,@Shawn,--,--,@toastychu
2026-03-24,**Your group is on a 292 day streak!** 🔥🔥🔥 Here are yesterday's results:,3/6,@jbonly,--,--,@jbonly,@sinfulprey11,--,@Shawn @hereisrachel,--
2026-03-25,**Your group is on a 293 day streak!** 🔥🔥🔥 Here are yesterday's results:,4/6,@sinfulprey11 @joel,--,--,--,@sinfulprey11 @joel,@Shawn @hereisrachel @jbonly,--,--
2026-03-26,**Your group is on a 294 day streak!** 🔥🔥🔥 Here are yesterday's results:,4/6,@Shawn @hereisrachel @sinfulprey11,--,--,--,@Shawn @hereisrachel @sinfulprey11,@Heather @jbonly,@joel,--
2026-03-27,**Your group is on a 295 day streak!** 🔥🔥🔥 Here are yesterday's results:,3/6,@sinfulprey11,--,--,@sinfulprey11,@jbonly,@Shawn @hereisrachel,--,--
2026-03-28,**Your group is on a 296 day streak!** 🔥🔥🔥 Here are yesterday's results:,3/6,@jbonly @hereisrachel,--,--,@jbonly @hereisrachel,--,@sinfulprey11,--,@Shawn
2026-03-29,**Your group is on a 297 day streak!** 🔥🔥🔥 Here are yesterday's results:,3/6,@jbonly,--,--,@jbonly,@Shawn @sinfulprey11,@hereisrachel,--,--
2026-03-30,**Your group is on a 298 day streak!** 🔥🔥🔥 Here are yesterday's results:,3/6,@Shawn @sinfulprey11,--,--,@Shawn @sinfulprey11,@joel @hereisrachel,@jbonly,--,--
2026-03-31,**Your group is on a 299 day streak!** 🔥🔥🔥 Here are yesterday's results:,3/6,@hereisrachel @Shawn,--,--,@hereisrachel @Shawn,@jbonly @sinfulprey11,@joel,--,--
2026-04-01,**Your group is on a 300 day streak!** 🔥🔥🔥 Here are yesterday's results:,3/6,@hereisrachel @sinfulprey11,--,--,@hereisrachel @sinfulprey11,@Shawn @jbonly,--,--,--
2026-04-02,**Your group is on a 301 day streak!** 🔥🔥🔥 Here are yesterday's results:,5/6,@sinfulprey11 @hereisrachel,--,--,--,--,@sinfulprey11 @hereisrachel,@jbonly,@Shawn @toastychu
2026-04-03,**Your group is on a 302 day streak!** 🔥🔥🔥 Here are yesterday's results:,4/6,@Shawn @sinfulprey11 @hereisrachel @jbonly,--,--,--,@Shawn @sinfulprey11 @hereisrachel @jbonly,--,--,--
2026-04-04,**Your group is on a 303 day streak!** 🔥🔥🔥 Here are yesterday's results:,3/6,@Shawn,--,--,@Shawn,@jbonly @hereisrachel,@sinfulprey11,--,--
2026-04-05,**Your group is on a 304 day streak!** 🔥🔥🔥 Here are yesterday's results:,3/6,@hereisrachel,--,--,@hereisrachel,@Shawn @sinfulprey11 @jbonly,--,--,--
2026-04-06,**Your group is on a 305 day streak!** 🔥🔥🔥 Here are yesterday's results:,3/6,@hereisrachel,--,--,@hereisrachel,@jbonly @Shawn,@sinfulprey11,--,--
2026-04-07,**Your group is on a 306 day streak!** 🔥🔥🔥 Here are yesterday's results:,3/6,@sinfulprey11,--,--,@sinfulprey11,@jbonly,@hereisrachel @Shawn,--,--
2026-04-08,**Your group is on a 307 day streak!** 🔥🔥🔥 Here are yesterday's results:,3/6,@jbonly,--,--,@jbonly,@hereisrachel @Shawn,@TheFastestClark,--,@sinfulprey11
2026-04-09,**Your group is on a 308 day streak!** 🔥🔥🔥 Here are yesterday's results:,4/6,@Shawn @hereisrachel @jbonly @sinfulprey11 @TheBestLoser,--,--,--,@Shawn @hereisrachel @jbonly @sinfulprey11 @TheBestLoser,--,--,--
2026-04-10,**Your group is on a 309 day streak!** 🔥🔥🔥 Here are yesterday's results:,2/6,@hereisrachel,--,@hereisrachel,@Shawn @sinfulprey11 @jbonly,--,--,--,--
2026-04-11,**Your group is on a 310 day streak!** 🔥🔥🔥 Here are yesterday's results:,3/6,@Shawn,--,--,@Shawn,@toastychu,@hereisrachel @sinfulprey11,@jbonly,@TheFastestClark
2026-04-12,**Your group is on a 311 day streak!** 🔥🔥🔥 Here are yesterday's results:,3/6,@hereisrachel,--,--,@hereisrachel,@jbonly,@Shawn @sinfulprey11,--,--
2026-04-13,**Your group is on a 312 day streak!** 🔥🔥🔥 Here are yesterday's results:,2/6,@hereisrachel,--,@hereisrachel,--,@jbonly,@Shawn,--,@sinfulprey11
2026-04-14,**Your group is on a 313 day streak!** 🔥🔥🔥 Here are yesterday's results:,3/6,@hereisrachel,--,--,@hereisrachel,@Shawn @sinfulprey11 @jbonly,--,--,--
2026-04-15,**Your group is on a 314 day streak!** 🔥🔥🔥 Here are yesterday's results:,3/6,@Shawn @jbonly,--,--,@Shawn @jbonly,@hereisrachel,--,--,@sinfulprey11
2026-04-16,**Your group is on a 315 day streak!** 🔥🔥🔥 Here are yesterday's results:,3/6,@jbonly,--,--,@jbonly,@sinfulprey11 @Shawn,@hereisrachel,--,--
2026-04-17,**Your group is on a 316 day streak!** 🔥🔥🔥 Here are yesterday's results:,3/6,@hereisrachel,--,--,@hereisrachel,--,@jbonly,@Shawn,@sinfulprey11
2026-04-18,**Your group is on a 317 day streak!** 🔥🔥🔥 Here are yesterday's results:,4/6,@hereisrachel,--,--,--,@hereisrachel,@sinfulprey11 @jbonly,--,@Shawn
2026-04-19,**Your group is on a 318 day streak!** 🔥🔥🔥 Here are yesterday's results:,3/6,@hereisrachel,--,--,@hereisrachel,@Shawn @jbonly,@sinfulprey11,--,--
2026-04-20,**Your group is on a 319 day streak!** 🔥🔥🔥 Here are yesterday's results:,3/6,@sinfulprey11,--,--,@sinfulprey11,@Shawn @hereisrachel,--,--,@jbonly
2026-04-21,**Your group is on a 320 day streak!** 🔥🔥🔥 Here are yesterday's results:,3/6,@sinfulprey11,--,--,@sinfulprey11,@hereisrachel,@Shawn @jbonly,--,--
2026-04-22,**Your group is on a 321 day streak!** 🔥🔥🔥 Here are yesterday's results:,4/6,@Shawn @sinfulprey11 @hereisrachel @jbonly,--,--,--,@Shawn @sinfulprey11 @hereisrachel @jbonly,--,--,--
2026-04-23,**Your group is on a 322 day streak!** 🔥🔥🔥 Here are yesterday's results:,3/6,@sinfulprey11,--,--,@sinfulprey11,@jbonly,@Shawn @hereisrachel,--,--
2026-04-24,**Your group is on a 323 day streak!** 🔥🔥🔥 Here are yesterday's results:,3/6,@sinfulprey11,--,--,@sinfulprey11,@hereisrachel,@jbonly,@Shawn,--
2026-04-25,**Your group is on a 324 day streak!** 🔥🔥🔥 Here are yesterday's results:,3/6,@jbonly @hereisrachel,--,--,@jbonly @hereisrachel,@sinfulprey11 @Shawn,--,--,--
2026-04-26,**Your group is on a 325 day streak!** 🔥🔥🔥 Here are yesterday's results:,2/6,@sinfulprey11,--,@sinfulprey11,--,@hereisrachel,@jbonly @Shawn,--,--
2026-04-27,**Your group is on a 326 day streak!** 🔥🔥🔥 Here are yesterday's results:,4/6,@Shawn,--,--,--,@Shawn,@jbonly @sinfulprey11,--,@hereisrachel
2026-04-28,**Your group is on a 327 day streak!** 🔥🔥🔥 Here are yesterday's results:,3/6,@jbonly,--,--,@jbonly,--,@Shawn @sinfulprey11 @hereisrachel,--,--
2026-04-29,**Your group is on a 328 day streak!** 🔥🔥🔥 Here are yesterday's results:,3/6,@jbonly @hereisrachel,--,--,@jbonly @hereisrachel,@Shawn @sinfulprey11,--,--,--
2026-04-30,**Your group is on a 329 day streak!** 🔥🔥🔥 Here are yesterday's results:,3/6,@jbonly,--,--,@jbonly,@hereisrachel,@sinfulprey11,@Shawn,@MajorDanger
2026-05-01,**Your group is on a 330 day streak!** 🔥🔥🔥 Here are yesterday's results:,3/6,@Shawn @hereisrachel,--,--,@Shawn @hereisrachel,@jbonly,@sinfulprey11,--,--
2026-05-02,**Your group is on a 331 day streak!** 🔥🔥🔥 Here are yesterday's results:,3/6,@Shawn @Heather @hereisrachel @MajorDanger,--,--,@Shawn @Heather @hereisrachel @MajorDanger,@sinfulprey11,@jbonly,--,--
2026-05-03,**Your group is on a 332 day streak!** 🔥🔥🔥 Here are yesterday's results:,3/6,@sinfulprey11 @jbonly,--,--,@sinfulprey11 @jbonly,@hereisrachel @Shawn @MajorDanger,--,--,--
2026-05-04,**Your group is on a 333 day streak!** 🔥🔥🔥 Here are yesterday's results:,4/6,@sinfulprey11 @Shawn @hereisrachel,--,--,--,@sinfulprey11 @Shawn @hereisrachel,@jbonly @MajorDanger,@Heather,--
2026-05-04,**Your group is on a 334 day streak!** 🔥🔥🔥 Here are yesterday's results:,4/6,@Shawn @sinfulprey11 @jbonly,--,--,--,@Shawn @sinfulprey11 @jbonly,@toastychu @hereisrachel,--,@MajorDanger
2026-05-06,**Your group is on a 335 day streak!** 🔥🔥🔥 Here are yesterday's results:,3/6,@jbonly @hereisrachel,--,--,@jbonly @hereisrachel,@Shawn,@sinfulprey11,--,@MajorDanger @toastychu
2026-05-07,**Your group is on a 336 day streak!** 🔥🔥🔥 Here are yesterday's results:,4/6,@Shawn,--,--,--,@Shawn,@hereisrachel @jbonly,@sinfulprey11,@Heather @MajorDanger
2026-05-08,**Your group is on a 337 day streak!** 🔥🔥🔥 Here are yesterday's results:,5/6,@sinfulprey11 @hereisrachel @MajorDanger,--,--,--,--,@sinfulprey11 @hereisrachel @MajorDanger,--,@Shawn
2026-05-09,**Your group is on a 338 day streak!** 🔥🔥🔥 Here are yesterday's results:,4/6,@sinfulprey11,--,--,--,@sinfulprey11,@hereisrachel @Shawn,--,@Heather
2026-05-10,**Your group is on a 339 day streak!** 🔥🔥🔥 Here are yesterday's results:,3/6,@sinfulprey11 @hereisrachel @Shawn @Heather @jbonly,--,--,@sinfulprey11 @hereisrachel @Shawn @Heather @jbonly,--,--,--,--
2026-05-11,**Your group is on a 340 day streak!** 🔥🔥🔥 Here are yesterday's results:,4/6,@hereisrachel,--,--,--,@hereisrachel,@Shawn,@jbonly,@sinfulprey11
2026-05-12,**Your group is on a 341 day streak!** 🔥🔥🔥 Here are yesterday's results:,3/6,@sinfulprey11,--,--,@sinfulprey11,@hereisrachel @Shawn,@jbonly,@Heather,--
2026-05-13,**Your group is on a 342 day streak!** 🔥🔥🔥 Here are yesterday's results:,3/6,@Shawn @hereisrachel @jbonly,--,--,@Shawn @hereisrachel @jbonly,@sinfulprey11,@Heather,--,--
2026-05-14,**Your group is on a 343 day streak!** 🔥🔥🔥 Here are yesterday's results:,5/6,@sinfulprey11 @Shawn,--,--,--,--,@sinfulprey11 @Shawn,@Heather @hereisrachel @joel,@jbonly
2026-05-15,**Your group is on a 344 day streak!** 🔥🔥🔥 Here are yesterday's results:,4/6,@sinfulprey11,--,--,--,@sinfulprey11,@Heather @jbonly,@hereisrachel,@Shawn @MajorDanger
2026-05-16,**Your group is on a 345 day streak!** 🔥🔥🔥 Here are yesterday's results:,4/6,@Shawn,--,--,--,@Shawn,--,@hereisrachel,@sinfulprey11
2026-05-17,**Your group is on a 346 day streak!** 🔥🔥🔥 Here are yesterday's results:,5/6,@hereisrachel @sinfulprey11,--,--,--,--,@hereisrachel @sinfulprey11,--,@Shawn
2026-05-18,**Your group is on a 347 day streak!** 🔥🔥🔥 Here are yesterday's results:,3/6,@Shawn @jbonly @joel @sinfulprey11,--,--,@Shawn @jbonly @joel @sinfulprey11,--,@hereisrachel,--,--
2026-05-19,**Your group is on a 348 day streak!** 🔥🔥🔥 Here are yesterday's results:,3/6,@joel @hereisrachel,--,--,@joel @hereisrachel,@Shawn @sinfulprey11 @jbonly,--,--,--
2026-05-20,**Your group is on a 349 day streak!** 🔥🔥🔥 Here are yesterday's results:,2/6,@hereisrachel,--,@hereisrachel,@Shawn,@jbonly,@sinfulprey11,--,--
2026-05-21,**Your group is on a 350 day streak!** 🔥🔥🔥 Here are yesterday's results:,2/6,@Shawn,--,@Shawn,@sinfulprey11,@hereisrachel,@joel,--,--
2026-05-22,**Your group is on a 351 day streak!** 🔥🔥🔥 Here are yesterday's results:,3/6,@joel @jbonly @toastychu,--,--,@joel @jbonly @toastychu,@Shawn @Heather @sinfulprey11 @hereisrachel,--,--,--
2026-05-23,**Your group is on a 352 day streak!** 🔥🔥🔥 Here are yesterday's results:,3/6,@joel,--,--,@joel,@hereisrachel,--,@Shawn @jbonly,@Heather
2026-05-24,**Your group is on a 353 day streak!** 🔥🔥🔥 Here are yesterday's results:,3/6,@jbonly,--,--,@jbonly,@sinfulprey11 @toastychu @joel @Shawn,--,@hereisrachel @Heather,--
2026-05-25,**Your group is on a 354 day streak!** 🔥🔥🔥 Here are yesterday's results:,4/6,@sinfulprey11 @hereisrachel @jbonly,--,--,--,@sinfulprey11 @hereisrachel @jbonly,@Shawn,@joel,@toastychu
2026-05-26,**Your group is on a 355 day streak!** 🔥🔥🔥 Here are yesterday's results:,3/6,@hereisrachel @sinfulprey11 @jbonly,--,--,@hereisrachel @sinfulprey11 @jbonly,--,@Heather,--,@Shawn
2026-05-27,**Your group is on a 356 day streak!** 🔥🔥🔥 Here are yesterday's results:,3/6,@jbonly @hereisrachel @joel,--,--,@jbonly @hereisrachel @joel,@sinfulprey11 @Heather @Shawn @TheBestLoser,--,--,--
2026-05-28,**Your group is on a 357 day streak!** 🔥🔥🔥 Here are yesterday's results:,3/6,@joel,--,--,@joel,@Heather @jbonly,@Shawn @sinfulprey11 @hereisrachel,--,--
2026-05-29,**Your group is on a 358 day streak!** 🔥🔥🔥 Here are yesterday's results:,4/6,@hereisrachel @Shawn @joel,--,--,--,@hereisrachel @Shawn @joel,@jbonly @Heather,@sinfulprey11,--
2026-05-30,**Your group is on a 359 day streak!** 🔥🔥🔥 Here are yesterday's results:,3/6,@Heather @jbonly,--,--,@Heather @jbonly,@hereisrachel @Shawn,@sinfulprey11 @joel @MajorDanger,--,--
2026-05-31,**Your group is on a 360 day streak!** 🔥🔥🔥 Here are yesterday's results:,3/6,@Shawn @jbonly,--,--,@Shawn @jbonly,@sinfulprey11,@hereisrachel @MajorDanger,--,--
2026-06-01,**Your group is on a 361 day streak!** 🔥🔥🔥 Here are yesterday's results:,3/6,@Shawn,--,--,@Shawn,@sinfulprey11,@jbonly @hereisrachel,--,@Heather
2026-06-02,**Your group is on a 362 day streak!** 🔥🔥🔥 Here are yesterday's results:,4/6,@hereisrachel @jbonly,--,--,--,@hereisrachel @jbonly,@Shawn,@sinfulprey11,--
2026-06-03,**Your group is on a 363 day streak!** 🔥🔥🔥 Here are yesterday's results:,4/6,@sinfulprey11 @hereisrachel @jbonly,--,--,--,@sinfulprey11 @hereisrachel @jbonly,@Heather,@Shawn,--
2026-06-04,**Your group is on a 364 day streak!** 🔥🔥🔥 Here are yesterday's results:,3/6,@hereisrachel,--,--,@hereisrachel,@jbonly,@Heather @sinfulprey11,--,@Shawn
2026-06-05,**Your group is on a 365 day streak!** 🔥🔥🔥 Here are yesterday's results:,3/6,@sinfulprey11,--,--,@sinfulprey11,@hereisrachel @jbonly,@Shawn @Heather,--,--